fecha,indicativo,nombre,provincia,altitud,tmed,prec,tmin,horatmin,tmax,horatmax,presMax,horaPresMax,presMin,horaPresMin,hrMedia,hrMax,horaHrMax,hrMin,horaHrMin
2021-07-01,3195,"MADRID, RETIRO",MADRID,667,"25,8","0,0","18,5",05:20,"33,0",13:50,"941,2",08,"938,5",00,34,73,06:40,13,17:40
2021-07-02,3195,"MADRID, RETIRO",MADRID,667,"26,0","0,0","18,3",04:50,"33,6",14:20,"941,5",08,"938,3",18,23,54,06:30,11,16:20
2021-07-03,3195,"MADRID, RETIRO",MADRID,667,"25,5","0,0","18,7",05:10,"32,3",14:20,"940,9",10,"937,8",17,36,60,05:00,23,12:10
2021-07-04,3195,"MADRID, RETIRO",MADRID,667,"25,2","0,0","18,6",06:00,"31,7",15:00,"940,4",10,"938,2",01,36,66,06:00,18,11:40
2021-07-05,3195,"MADRID, RETIRO",MADRID,667,"26,4","0,0","19,4",05:00,"33,3",13:40,"940,3",00,"935,0",18,38,72,05:00,20,14:20
2021-07-06,3195,"MADRID, RETIRO",MADRID,667,"19,8","1,3","15,8",23:50,"23,9",00:00,"938,9",Varias,"935,3",02,70,85,13:50,44,00:00
2021-07-07,3195,"MADRID, RETIRO",MADRID,667,"19,8","0,0","13,2",05:50,"26,5",14:10,"943,6",24,"938,4",03,40,85,02:00,25,15:20
2021-07-08,3195,"MADRID, RETIRO",MADRID,667,"21,7","0,0","15,0",05:30,"28,4",15:40,"946,2",08,"942,9",19,35,65,03:30,20,14:50
2021-07-09,3195,"MADRID, RETIRO",MADRID,667,"25,0","0,0","17,5",05:10,"32,6",14:20,"945,3",08,"939,8",19,39,63,05:50,21,17:10
2021-07-10,3195,"MADRID, RETIRO",MADRID,667,"28,2","0,0","20,7",05:40,"35,7",Varias,"941,9",08,"938,2",18,37,65,07:00,15,15:10
2021-07-11,3195,"MADRID, RETIRO",MADRID,667,"30,2","0,0","22,4",06:50,"38,0",14:20,"939,2",06,"934,7",18,26,53,06:10,14,15:30
2021-07-12,3195,"MADRID, RETIRO",MADRID,667,"23,4","0,0","18,5",23:59,"28,2",00:00,"942,2",24,"935,4",04,32,54,03:50,20,14:40
2021-07-13,3195,"MADRID, RETIRO",MADRID,667,"20,4","0,0","14,3",05:10,"26,6",15:20,"944,4",09,"940,9",18,33,57,03:40,22,15:10
2021-07-14,3195,"MADRID, RETIRO",MADRID,667,"21,6","0,0","14,9",05:30,"28,2",14:30,"944,2",10,"940,1",20,37,66,04:20,19,15:50
2021-07-15,3195,"MADRID, RETIRO",MADRID,667,"23,4","0,0","16,1",06:00,"30,8",14:50,"943,4",08,"939,6",18,34,71,05:50,16,15:00
2021-07-16,3195,"MADRID, RETIRO",MADRID,667,"27,0","0,0","18,8",05:50,"35,3",14:20,"942,8",08,"939,3",18,31,56,05:50,18,14:10
2021-07-17,3195,"MADRID, RETIRO",MADRID,667,"29,0","0,0","21,0",06:20,"36,9",14:20,"941,8",08,"937,7",18,26,48,06:20,14,15:00
2021-07-18,3195,"MADRID, RETIRO",MADRID,667,"29,2","0,0","22,3",05:50,"36,2",14:50,"939,9",08,"936,5",17,25,50,06:10,10,14:30
2021-07-19,3195,"MADRID, RETIRO",MADRID,667,"28,6","0,0","21,3",06:30,"36,0",14:30,"938,2",08,"934,7",18,27,58,03:50,10,14:10
2021-07-20,3195,"MADRID, RETIRO",MADRID,667,"28,8","0,0","22,0",Varias,"35,7",14:30,"939,4",23,"936,1",00,27,54,04:50,16,13:40
2021-07-21,3195,"MADRID, RETIRO",MADRID,667,"29,4","0,0","22,4",06:00,"36,3",14:20,"942,0",08,"939,1",18,28,49,07:00,14,17:10
2021-07-22,3195,"MADRID, RETIRO",MADRID,667,"30,2","0,0","23,5",05:50,"36,8",14:00,"942,3",Varias,"937,4",24,23,45,03:20,12,17:10
2021-07-23,3195,"MADRID, RETIRO",MADRID,667,"26,8","0,0","20,2",05:40,"33,5",14:30,"937,7",01,"934,5",18,24,50,05:40,12,14:10
2021-07-24,3195,"MADRID, RETIRO",MADRID,667,"25,0","0,0","18,3",05:40,"31,7",14:20,"936,5",10,"934,2",Varias,26,54,06:10,14,14:20
2021-07-25,3195,"MADRID, RETIRO",MADRID,667,"24,2","6,1","17,5",23:50,"31,0",14:30,"937,2",22,"932,9",18,35,91,22:40,15,16:10
2021-07-26,3195,"MADRID, RETIRO",MADRID,667,"23,3","0,0","17,0",04:30,"29,6",14:30,"938,4",11,"935,7",04,50,90,00:10,30,14:30
2021-07-27,3195,"MADRID, RETIRO",MADRID,667,"26,1","0,0","19,5",04:30,"32,7",13:40,"939,2",08,"934,7",18,42,81,04:20,21,14:30
2021-07-28,3195,"MADRID, RETIRO",MADRID,667,"28,2","0,0","20,7",05:30,"35,6",14:40,"937,7",Varias,"935,3",17,34,63,05:30,20,Varias
2021-07-29,3195,"MADRID, RETIRO",MADRID,667,"28,8","0,0","22,0",05:40,"35,7",14:10,"938,6",08,"935,1",18,39,74,05:40,19,16:00
2021-07-30,3195,"MADRID, RETIRO",MADRID,667,"27,0","0,0","19,9",05:30,"34,1",14:00,"937,6",08,"934,5",18,30,61,06:20,13,14:00
2021-07-31,3195,"MADRID, RETIRO",MADRID,667,"21,8","0,0","17,0",23:59,"26,5",11:10,"938,9",24,"934,1",12,47,76,21:40,31,00:00
2021-08-01,3195,"MADRID, RETIRO",MADRID,667,"20,0","0,0","13,5",06:20,"26,6",14:00,"941,1",08,"937,0",Varias,41,75,01:40,23,Varias
2021-08-02,3195,"MADRID, RETIRO",MADRID,667,"23,2","0,0","16,6",05:40,"29,8",14:20,"939,4",08,"936,9",17,34,55,06:00,18,17:40
2021-08-03,3195,"MADRID, RETIRO",MADRID,667,"25,3","0,0","18,8",03:40,"31,8",14:20,"941,1",09,"936,9",18,38,73,03:30,20,13:50
2021-08-04,3195,"MADRID, RETIRO",MADRID,667,"25,8","0,0","21,1",06:50,"30,4",14:30,"940,5",23,"937,2",04,37,60,06:30,20,15:40
2021-08-05,3195,"MADRID, RETIRO",MADRID,667,"26,9","0,0","18,8",06:00,"35,0",15:00,"940,4",Varias,"936,0",18,29,67,05:50,17,13:10
2021-08-06,3195,"MADRID, RETIRO",MADRID,667,"26,4","0,0","19,8",06:20,"33,1",13:50,"936,3",00,"931,3",18,28,,,,
2021-08-07,3195,"MADRID, RETIRO",MADRID,667,"23,9","0,0","18,3",05:30,"29,5",14:00,"936,7",24,"931,4",02,33,51,06:30,22,15:00
2021-08-08,3195,"MADRID, RETIRO",MADRID,667,"24,3","0,0","18,0",06:00,"30,6",13:40,"938,9",10,"936,3",19,29,73,23:40,15,17:00
2021-08-09,3195,"MADRID, RETIRO",MADRID,667,"27,2","0,0","21,1",02:40,"33,2",14:40,"940,7",10,"937,6",18,42,83,03:00,20,Varias
2021-08-10,3195,"MADRID, RETIRO",MADRID,667,"29,1","0,0","22,6",Varias,"35,6",14:10,"940,6",09,"937,4",18,42,68,Varias,28,Varias
2021-08-11,3195,"MADRID, RETIRO",MADRID,667,"30,6","0,0","23,8",05:40,"37,4",14:30,"941,1",09,"937,6",18,34,57,03:10,20,14:50
2021-08-12,3195,"MADRID, RETIRO",MADRID,667,"30,2","0,0","23,1",05:10,"37,3",14:20,"943,4",Varias,"940,5",00,28,58,05:10,10,17:20
2021-08-13,3195,"MADRID, RETIRO",MADRID,667,"32,4","0,0","24,4",04:20,"40,3",14:00,"945,5",Varias,"942,1",18,23,47,21:30,14,Varias
2021-08-14,3195,"MADRID, RETIRO",MADRID,667,"33,4","0,0","26,1",06:40,"40,7",14:30,,,,,24,50,06:50,11,Varias
2021-08-15,3195,"MADRID, RETIRO",MADRID,667,"32,2","0,0","24,6",22:20,"39,8",14:20,"942,6",00,"939,1",16,,,,,
2021-08-16,3195,"MADRID, RETIRO",MADRID,667,"29,1","0,0","22,4",04:30,"35,8",14:40,"942,8",24,"939,1",18,25,48,05:30,10,14:40
2021-08-17,3195,"MADRID, RETIRO",MADRID,667,"25,0","0,0","17,5",06:20,"32,6",15:10,"944,2",08,"940,0",18,27,45,Varias,14,15:50
2021-08-18,3195,"MADRID, RETIRO",MADRID,667,"26,6","0,0","19,5",06:00,"33,8",14:30,"941,9",00,"936,0",18,30,51,09:10,14,Varias
2021-08-19,3195,"MADRID, RETIRO",MADRID,667,"27,1","0,0","20,7",Varias,"33,5",13:40,"938,0",10,"934,7",18,35,69,07:00,14,17:00
2021-08-20,3195,"MADRID, RETIRO",MADRID,667,"27,4","0,0","21,0",05:40,"33,9",13:50,"939,5",24,"937,3",00,36,75,05:20,14,14:20
2021-08-21,3195,"MADRID, RETIRO",MADRID,667,"27,1","0,0","19,7",06:10,"34,5",13:50,"942,7",11,"939,4",01,24,45,06:50,11,16:40
2021-08-22,3195,"MADRID, RETIRO",MADRID,667,"28,4","0,0","21,1",03:20,"35,7",14:30,"943,8",10,"940,3",Varias,25,44,21:10,15,15:00
2021-08-23,3195,"MADRID, RETIRO",MADRID,667,"30,2","0,0","23,4",06:30,"36,9",14:30,"941,5",03,"936,6",19,30,50,07:10,14,15:00
2021-08-24,3195,"MADRID, RETIRO",MADRID,667,"26,2","0,0","20,5",06:10,"31,9",15:10,"939,4",00,"933,7",18,44,57,06:10,26,14:50
2021-08-25,3195,"MADRID, RETIRO",MADRID,667,"25,9","0,0","19,8",06:10,"32,0",14:00,"937,4",20,"935,3",17,50,78,05:40,28,14:00
2021-08-26,3195,"MADRID, RETIRO",MADRID,667,"26,8","3,6","20,4",03:40,"33,1",14:00,"939,8",10,"937,0",18,56,83,16:30,24,14:20
2021-08-27,3195,"MADRID, RETIRO",MADRID,667,"27,0","0,0","20,3",06:20,"33,8",13:30,"939,3",09,"936,6",17,32,69,01:10,14,17:20
2021-08-28,3195,"MADRID, RETIRO",MADRID,667,"25,8","0,0","18,9",06:20,"32,8",14:00,"938,7",10,"936,2",17,35,62,07:00,18,16:40
2021-08-29,3195,"MADRID, RETIRO",MADRID,667,"25,0","0,0","18,7",06:00,"31,3",14:10,"938,1",10,"934,8",18,36,59,22:40,26,Varias
2021-08-30,3195,"MADRID, RETIRO",MADRID,667,"24,4","0,0","19,1",06:50,"29,7",14:00,"937,8",24,"935,1",17,42,71,22:00,22,16:00
2021-08-31,3195,"MADRID, RETIRO",MADRID,667,"25,1","32,5","19,3",05:00,"30,9",13:50,"940,2",Varias,"935,9",18,48,72,06:40,27,16:20
2021-09-01,3195,"MADRID, RETIRO",MADRID,667,"19,8","5,8","16,1",05:10,"23,4",12:10,"940,7",10,"936,1",16,77,97,05:30,64,13:10
2021-09-02,3195,"MADRID, RETIRO",MADRID,667,"20,7","1,1","15,7",02:40,"25,7",13:20,"941,4",10,"939,2",04,69,96,06:20,50,13:30
2021-09-03,3195,"MADRID, RETIRO",MADRID,667,"22,4","0,0","16,5",06:20,"28,3",13:50,"941,3",10,"938,1",18,57,90,06:30,35,14:30
2021-09-04,3195,"MADRID, RETIRO",MADRID,667,"23,8","0,0","17,6",06:10,"29,9",13:40,"940,4",10,"937,7",Varias,42,71,06:00,24,15:50
2021-09-05,3195,"MADRID, RETIRO",MADRID,667,"25,2","0,0","19,2",06:00,"31,1",14:30,"942,2",24,"939,1",00,42,66,Varias,22,17:20
2021-09-06,3195,"MADRID, RETIRO",MADRID,667,"26,4","0,0","21,6",05:30,"31,3",14:50,"944,0",12,"940,1",18,43,61,08:20,26,16:00
2021-09-07,3195,"MADRID, RETIRO",MADRID,667,"25,9","0,0","20,4",06:30,"31,4",13:40,"941,6",10,"937,1",18,40,68,22:30,24,Varias
2021-09-08,3195,"MADRID, RETIRO",MADRID,667,"23,0","0,0","18,8",05:20,"27,1",13:30,"939,4",10,"937,0",17,50,77,06:20,32,12:50
2021-09-09,3195,"MADRID, RETIRO",MADRID,667,"22,2","0,0","18,6",05:20,"25,9",14:40,"939,8",24,"937,9",02,54,75,06:00,38,15:50
2021-09-10,3195,"MADRID, RETIRO",MADRID,667,"22,8","0,0","18,2",06:30,"27,3",14:00,"942,1",23,"939,4",03,50,70,Varias,36,16:20
2021-09-11,3195,"MADRID, RETIRO",MADRID,667,"21,3","0,0","16,3",05:30,"26,3",16:50,"942,9",10,"939,6",18,50,74,05:00,31,16:50
2021-09-12,3195,"MADRID, RETIRO",MADRID,667,"23,6","0,0","17,5",06:10,"29,8",14:20,"940,5",09,"936,5",18,41,63,Varias,23,15:50
2021-09-13,3195,"MADRID, RETIRO",MADRID,667,"22,2","0,5","18,5",23:30,"25,8",11:30,"939,9",09,"937,0",02,57,80,23:20,36,13:00
2021-09-14,3195,"MADRID, RETIRO",MADRID,667,"17,4","27,1","15,3",20:10,"19,6",06:30,"939,6",10,"935,8",16,87,97,Varias,65,08:40
2021-09-15,3195,"MADRID, RETIRO",MADRID,667,"19,2","0,1","15,6",00:00,"22,9",13:10,"940,6",23,"936,3",03,72,97,01:30,55,13:10
2021-09-16,3195,"MADRID, RETIRO",MADRID,667,"21,0","0,0","16,7",04:30,"25,2",13:20,"942,1",Varias,"939,8",Varias,61,90,05:00,46,13:20
2021-09-17,3195,"MADRID, RETIRO",MADRID,667,"20,8","0,0","15,9",05:40,"25,7",14:10,"941,4",00,"936,6",17,56,85,04:40,40,Varias
2021-09-18,3195,"MADRID, RETIRO",MADRID,667,"20,9","0,0","15,6",05:30,"26,2",13:30,"941,2",24,"936,9",05,53,87,06:30,29,16:50
2021-09-19,3195,"MADRID, RETIRO",MADRID,667,"18,6","0,0","13,3",06:10,"23,8",13:40,"943,9",09,"941,2",00,46,69,07:50,28,13:30
2021-09-20,3195,"MADRID, RETIRO",MADRID,667,"18,9","0,0","13,1",23:50,"24,7",13:40,"945,3",24,"941,1",16,46,69,21:50,33,17:10
2021-09-21,3195,"MADRID, RETIRO",MADRID,667,"16,2","0,0","10,8",04:30,"21,7",Varias,"945,4",01,"942,1",17,45,72,04:40,29,16:30
2021-09-22,3195,"MADRID, RETIRO",MADRID,667,"17,0","1,1","13,0",06:30,"21,0",16:10,"944,4",00,"939,5",18,59,85,11:00,48,16:10
2021-09-23,3195,"MADRID, RETIRO",MADRID,667,"19,8","14,0","14,7",03:40,"25,0",13:40,"941,8",00,"937,2",18,59,94,21:30,44,14:00
2021-09-24,3195,"MADRID, RETIRO",MADRID,667,"19,8","38,9","16,4",00:10,"23,3",13:20,"940,0",00,"936,9",15,81,99,23:59,65,12:20
2021-09-25,3195,"MADRID, RETIRO",MADRID,667,"17,6","0,0","14,1",06:50,"21,1",13:00,"943,0",Varias,"938,7",00,68,99,Varias,52,Varias
2021-09-26,3195,"MADRID, RETIRO",MADRID,667,"17,7","0,0","12,7",06:20,"22,7",13:30,"945,3",10,"943,0",Varias,68,97,Varias,44,15:40
2021-09-27,3195,"MADRID, RETIRO",MADRID,667,"18,8","0,0","12,8",06:00,"24,7",13:30,"945,9",10,"943,6",17,62,92,06:30,37,15:00
2021-09-28,3195,"MADRID, RETIRO",MADRID,667,"19,5","0,0","13,9",05:10,"25,1",13:10,"945,6",24,"942,4",16,53,86,05:10,27,16:40
2021-09-29,3195,"MADRID, RETIRO",MADRID,667,"18,4","0,0","13,2",06:00,"23,7",13:50,"948,5",09,"945,4",02,55,83,06:40,28,15:10
2021-09-30,3195,"MADRID, RETIRO",MADRID,667,"19,4","0,0","15,2",06:30,"23,7",13:40,"948,6",09,"944,5",18,54,68,10:30,39,15:40
2021-10-01,3195,"MADRID, RETIRO",MADRID,667,"19,6","0,0","14,7",05:40,"24,6",15:00,"944,8",09,"941,9",16,52,73,23:30,30,15:50
2021-10-02,3195,"MADRID, RETIRO",MADRID,667,"19,2","0,0","13,2",06:10,"25,1",13:20,"942,0",00,"934,5",24,49,76,06:10,28,15:00
2021-10-03,3195,"MADRID, RETIRO",MADRID,667,"15,2","11,8","12,2",23:40,"18,3",00:00,"940,5",Varias,"932,6",05,81,98,Varias,46,18:20
2021-10-04,3195,"MADRID, RETIRO",MADRID,667,"14,0","0,0","9,2",04:40,"18,7",13:20,"943,7",Varias,"940,5",00,52,85,05:50,30,15:30
2021-10-05,3195,"MADRID, RETIRO",MADRID,667,"17,2","0,0","11,2",06:30,"23,1",13:20,"945,0",22,"942,8",16,63,82,06:30,45,13:00
2021-10-06,3195,"MADRID, RETIRO",MADRID,667,"17,8","0,0","13,0",05:40,"22,7",13:20,"947,4",10,"944,6",Varias,63,90,05:30,39,15:40
2021-10-07,3195,"MADRID, RETIRO",MADRID,667,"17,8","0,0","11,0",06:10,"24,5",15:20,"945,7",02,"941,3",17,42,74,06:10,19,15:30
2021-10-08,3195,"MADRID, RETIRO",MADRID,667,"18,3","0,0","11,8",06:10,"24,8",13:40,"942,9",10,"940,2",16,48,78,07:10,27,Varias
2021-10-09,3195,"MADRID, RETIRO",MADRID,667,"17,4","0,0","12,3",06:50,"22,6",15:30,"943,6",10,"940,9",17,45,63,09:40,32,16:30
2021-10-10,3195,"MADRID, RETIRO",MADRID,667,"17,6","0,0","13,2",05:50,"21,9",15:20,"944,7",10,"941,9",17,58,65,10:50,45,00:00
2021-10-11,3195,"MADRID, RETIRO",MADRID,667,"17,4","0,0","13,0",05:40,"21,8",13:10,"945,0",10,"942,1",16,61,76,07:00,45,14:00
2021-10-12,3195,"MADRID, RETIRO",MADRID,667,"17,3","0,0","12,4",07:00,"22,2",Varias,"943,4",00,"939,1",16,59,79,07:20,29,23:00
2021-10-13,3195,"MADRID, RETIRO",MADRID,667,"17,4","0,0","11,3",07:00,"23,6",16:00,"942,9",24,"940,3",04,31,48,07:00,17,15:30
2021-10-14,3195,"MADRID, RETIRO",MADRID,667,"16,8","0,0","11,5",06:50,"22,2",15:50,"945,2",10,"942,6",17,46,63,10:30,32,15:50
2021-10-15,3195,"MADRID, RETIRO",MADRID,667,"17,4","0,0","11,9",Varias,"22,9",15:20,"943,3",10,"939,5",16,53,75,Varias,34,15:30
2021-10-16,3195,"MADRID, RETIRO",MADRID,667,"15,9","2,2","11,9",04:00,"19,9",14:40,"941,3",10,"939,2",14,52,73,01:50,42,Varias
2021-10-17,3195,"MADRID, RETIRO",MADRID,667,"17,2","0,0","13,1",06:10,"21,4",14:40,"943,9",24,"940,3",04,71,95,05:50,53,Varias
2021-10-18,3195,"MADRID, RETIRO",MADRID,667,"17,4","0,0","12,9",06:20,"22,0",14:30,"946,9",23,"943,5",00,69,95,02:50,50,14:20
2021-10-19,3195,"MADRID, RETIRO",MADRID,667,"18,6","0,0","14,3",06:30,"22,8",15:40,"949,2",09,"945,6",Varias,65,83,04:00,48,16:10
2021-10-20,3195,"MADRID, RETIRO",MADRID,667,"18,3","0,0","13,8",06:50,"22,8",14:40,"946,5",00,"941,6",17,62,77,07:00,48,Varias
2021-10-21,3195,"MADRID, RETIRO",MADRID,667,"16,4","0,0","12,9",06:50,"19,8",14:30,"942,5",00,"939,1",17,61,86,06:50,40,14:50
2021-10-22,3195,"MADRID, RETIRO",MADRID,667,"15,1","0,0","11,5",23:50,"18,7",13:20,"944,3",22,"939,7",01,45,73,02:50,31,13:20
2021-10-23,3195,"MADRID, RETIRO",MADRID,667,"13,2","0,0","8,2",06:50,"18,1",14:30,"945,4",08,"943,0",16,50,75,21:10,34,15:00
2021-10-24,3195,"MADRID, RETIRO",MADRID,667,"13,2","0,0","7,5",06:50,"19,0",14:30,"946,3",09,"943,4",17,48,72,02:00,29,15:00
2021-10-25,3195,"MADRID, RETIRO",MADRID,667,"13,5","0,0","8,1",06:40,"18,9",13:20,"945,0",09,"941,7",15,49,71,06:20,32,14:00
2021-10-26,3195,"MADRID, RETIRO",MADRID,667,"14,8","0,0","10,5",07:10,"19,2",13:00,"946,2",09,"943,3",02,50,75,23:30,39,14:20
2021-10-27,3195,"MADRID, RETIRO",MADRID,667,"13,8","0,0","8,5",06:50,"19,0",13:00,"945,8",10,"941,2",24,59,78,07:10,38,15:10
2021-10-28,3195,"MADRID, RETIRO",MADRID,667,"14,2","0,0","9,3",07:50,"19,0",14:50,"941,3",00,"936,2",Varias,54,79,03:10,31,16:00
2021-10-29,3195,"MADRID, RETIRO",MADRID,667,"13,6","67,7","12,3",15:00,"14,8",09:50,"936,5",10,"929,7",24,83,99,Varias,55,00:20
2021-10-30,3195,"MADRID, RETIRO",MADRID,667,"15,3","3,6","13,0",00:40,"17,6",14:10,"935,4",23,"927,7",03,90,99,Varias,79,19:30
2021-10-31,3195,"MADRID, RETIRO",MADRID,667,"16,4","47,7","14,2",Varias,"18,7",11:50,"936,4",10,"933,7",04,97,99,Varias,85,12:00
2021-11-01,3195,"MADRID, RETIRO",MADRID,667,"13,7","0,0","10,5",23:59,"16,9",12:50,"937,8",22,"933,4",02,67,99,Varias,43,13:30
2021-11-02,3195,"MADRID, RETIRO",MADRID,667,"10,6","10,0","8,1",06:30,"13,0",12:10,"937,2",00,"929,4",24,80,96,Varias,65,00:50
2021-11-03,3195,"MADRID, RETIRO",MADRID,667,"9,3","0,0","6,8",06:50,"11,8",13:10,"934,5",22,"928,6",01,59,96,00:00,45,13:50
2021-11-04,3195,"MADRID, RETIRO",MADRID,667,"7,9","0,0","4,3",06:50,"11,5",13:30,"941,1",24,"934,0",Varias,67,92,Varias,42,15:50
2021-11-05,3195,"MADRID, RETIRO",MADRID,667,"8,4","0,0","4,9",05:00,"12,0",13:20,"946,2",24,"941,0",00,52,79,04:50,40,Varias
2021-11-06,3195,"MADRID, RETIRO",MADRID,667,"8,6","0,0","4,2",03:50,"13,1",15:00,"948,5",09,"945,2",01,45,72,02:10,29,14:10
2021-11-07,3195,"MADRID, RETIRO",MADRID,667,"7,8","0,0","2,8",03:00,"12,9",15:10,"946,4",02,"942,9",16,54,81,04:20,34,14:30
2021-11-08,3195,"MADRID, RETIRO",MADRID,667,"10,9","0,0","4,1",04:20,"17,7",14:30,"943,4",00,"939,5",15,49,92,05:30,23,15:00
2021-11-09,3195,"MADRID, RETIRO",MADRID,667,"10,3","0,0","4,6",07:10,"16,0",14:50,"941,1",08,"938,1",15,49,80,Varias,23,15:50
2021-11-10,3195,"MADRID, RETIRO",MADRID,667,"10,0","0,0","5,3",04:40,"14,8",14:30,"942,2",10,"939,2",16,55,82,23:59,35,15:10
2021-11-11,3195,"MADRID, RETIRO",MADRID,667,"9,6","0,0","4,6",03:30,"14,5",14:30,"941,7",09,"939,4",15,63,88,03:20,38,15:50
2021-11-12,3195,"MADRID, RETIRO",MADRID,667,"12,4","0,0","7,9",06:20,"16,9",14:20,"940,9",09,"938,5",16,62,87,23:40,38,14:50
2021-11-13,3195,"MADRID, RETIRO",MADRID,667,"10,5","0,0","5,5",Varias,"15,5",14:50,"942,4",10,"939,7",15,67,91,07:30,44,14:50
2021-11-14,3195,"MADRID, RETIRO",MADRID,667,"10,4","0,0","5,0",07:20,"15,8",14:50,"941,4",00,"938,1",16,64,90,06:30,44,15:20
2021-11-15,3195,"MADRID, RETIRO",MADRID,667,"10,7","0,0","7,0",23:50,"14,4",Varias,"942,4",22,"939,7",14,51,74,00:00,41,13:10
2021-11-16,3195,"MADRID, RETIRO",MADRID,667,"8,3","0,0","4,0",06:10,"12,6",15:10,"942,3",10,"939,3",16,64,88,06:10,42,14:40
2021-11-17,3195,"MADRID, RETIRO",MADRID,667,"9,6","0,0","5,4",07:10,"13,8",14:30,"945,0",24,"941,4",00,59,78,06:10,41,15:20
2021-11-18,3195,"MADRID, RETIRO",MADRID,667,"8,6","0,0","5,1",05:40,"12,2",15:00,"948,8",Varias,"944,7",02,64,82,22:40,54,00:00
2021-11-19,3195,"MADRID, RETIRO",MADRID,667,"11,1","0,0","7,5",05:30,"14,7",15:10,"948,9",00,"945,5",15,66,80,07:30,49,15:10
2021-11-20,3195,"MADRID, RETIRO",MADRID,667,"11,2","0,0","9,9",Varias,"12,4",14:00,"946,6",00,"940,8",24,75,86,23:00,70,00:30
2021-11-21,3195,"MADRID, RETIRO",MADRID,667,"10,5","0,0","7,4",23:40,"13,6",15:10,"940,8",00,"934,3",24,83,97,Varias,69,15:10
2021-11-22,3195,"MADRID, RETIRO",MADRID,667,"7,1","13,0","4,7",23:50,"9,5",12:00,"934,4",00,"928,8",15,94,99,Varias,86,14:00
2021-11-23,3195,"MADRID, RETIRO",MADRID,667,"5,0","0,3","3,3",06:40,"6,7",12:00,"934,9",24,"930,3",00,79,98,00:40,70,11:50
2021-11-24,3195,"MADRID, RETIRO",MADRID,667,"4,9","0,0","2,3",07:40,"7,5",12:30,"936,2",10,"932,1",23,84,96,08:00,67,12:30
2021-11-25,3195,"MADRID, RETIRO",MADRID,667,"6,2","0,0","3,2",03:20,"9,3",13:40,"933,0",24,"929,5",06,70,94,00:30,61,Varias
2021-11-26,3195,"MADRID, RETIRO",MADRID,667,"6,5","0,0","2,8",07:20,"10,2",14:30,"934,1",Varias,"931,7",24,69,92,07:40,43,14:50
2021-11-27,3195,"MADRID, RETIRO",MADRID,667,"5,4","0,5","2,3",23:40,"8,6",10:20,"934,4",24,"927,9",07,62,87,08:30,38,15:00
2021-11-28,3195,"MADRID, RETIRO",MADRID,667,"4,7","0,0","1,1",07:50,"8,3",14:10,"938,5",10,"934,2",00,57,76,07:40,41,13:30
2021-11-29,3195,"MADRID, RETIRO",MADRID,667,"9,4","0,0","5,5",23:59,"13,2",13:50,"944,8",24,"935,6",01,60,82,23:59,50,14:10
2021-11-30,3195,"MADRID, RETIRO",MADRID,667,"7,6","0,0","3,4",05:20,"11,9",14:40,"948,9",11,"944,6",00,72,92,05:20,52,15:10
2021-12-01,3195,"MADRID, RETIRO",MADRID,667,"5,8","2,4","0,9",06:30,"10,6",13:10,"946,8",00,"934,4",24,86,99,08:10,68,13:10
2021-12-02,3195,"MADRID, RETIRO",MADRID,667,"6,2","0,0","3,0",23:40,"9,4",Varias,"941,6",22,"932,8",05,56,86,07:50,38,14:00
2021-12-03,3195,"MADRID, RETIRO",MADRID,667,"7,2","0,0","2,5",07:30,"11,8",14:40,"945,3",Varias,"941,5",00,63,82,07:30,46,13:20
2021-12-04,3195,"MADRID, RETIRO",MADRID,667,"7,4","0,0","2,9",04:40,"12,0",15:00,"945,0",00,"942,0",Varias,80,97,23:20,64,14:00
2021-12-05,3195,"MADRID, RETIRO",MADRID,667,"8,2","0,0","5,0",06:50,"11,4",13:10,"944,0",24,"940,4",15,55,71,00:00,45,13:10
2021-12-06,3195,"MADRID, RETIRO",MADRID,667,"9,8","0,0","5,5",07:30,"14,2",15:10,"946,7",10,"943,7",02,62,87,22:50,45,12:40
2021-12-07,3195,"MADRID, RETIRO",MADRID,667,"7,6","2,3","4,3",06:50,"10,8",21:00,"945,6",00,"933,3",24,94,99,Varias,85,00:00
2021-12-08,3195,"MADRID, RETIRO",MADRID,667,"7,8","0,2","5,5",18:10,"10,2",00:00,"940,7",24,"932,9",00,69,98,00:30,48,Varias
2021-12-09,3195,"MADRID, RETIRO",MADRID,667,"8,6","0,0","5,2",02:20,"11,9",14:40,"942,5",10,"939,8",04,71,78,Varias,59,00:30
2021-12-10,3195,"MADRID, RETIRO",MADRID,667,"11,2","0,0","7,3",07:10,"15,1",14:40,"942,0",Varias,"938,7",15,68,88,06:40,49,19:30
2021-12-11,3195,"MADRID, RETIRO",MADRID,667,"11,8","0,0","7,2",07:10,"16,3",15:40,"947,8",23,"941,6",01,68,87,23:59,53,Varias
2021-12-12,3195,"MADRID, RETIRO",MADRID,667,"9,2","0,0","5,4",08:00,"12,9",Varias,"949,3",10,"946,4",Varias,80,95,08:10,64,Varias
2021-12-13,3195,"MADRID, RETIRO",MADRID,667,"8,6","0,0","4,3",07:10,"12,8",14:40,"947,9",10,"945,3",14,76,92,01:30,60,15:30
2021-12-14,3195,"MADRID, RETIRO",MADRID,667,"9,9","0,0","4,3",05:20,"15,5",14:30,"948,4",10,"945,7",16,59,82,Varias,39,14:50
2021-12-15,3195,"MADRID, RETIRO",MADRID,667,"11,0","0,0","5,6",06:40,"16,3",14:50,"947,7",24,"945,2",14,38,71,01:20,23,13:00
2021-12-16,3195,"MADRID, RETIRO",MADRID,667,"7,0","0,0","2,4",07:20,"11,5",14:50,"950,2",10,"947,1",15,62,86,23:50,44,00:30
2021-12-17,3195,"MADRID, RETIRO",MADRID,667,"6,8","0,0","2,8",06:40,"10,9",13:40,"949,8",10,"946,9",16,61,86,00:00,38,12:40
2021-12-18,3195,"MADRID, RETIRO",MADRID,667,"6,7","0,0","3,1",03:40,"10,3",13:50,"950,2",10,"947,7",15,70,90,04:30,60,16:50
2021-12-19,3195,"MADRID, RETIRO",MADRID,667,"9,2","0,0","6,7",22:00,"11,6",14:20,"948,9",00,"944,2",16,74,86,21:40,66,Varias
2021-12-20,3195,"MADRID, RETIRO",MADRID,667,"7,4","0,0","4,6",05:40,"10,1",14:50,"945,2",10,"942,6",16,83,91,06:30,72,14:40
2021-12-21,3195,"MADRID, RETIRO",MADRID,667,"10,0","0,0","7,3",06:50,"12,8",14:50,"943,7",11,"941,3",18,84,92,Varias,72,14:50
2021-12-22,3195,"MADRID, RETIRO",MADRID,667,"11,0","0,0","7,9",23:40,"14,1",14:00,"942,7",11,"940,2",15,85,98,23:30,72,14:30
2021-12-23,3195,"MADRID, RETIRO",MADRID,667,"9,6","5,7","7,2",04:50,"11,9",14:20,"942,5",11,"938,2",24,90,99,Varias,79,13:50
2021-12-24,3195,"MADRID, RETIRO",MADRID,667,"10,4","3,5","9,2",23:50,"11,7",15:50,"938,2",00,"931,1",24,98,99,Varias,93,19:10
2021-12-25,3195,"MADRID, RETIRO",MADRID,667,"9,4","8,5","8,2",04:00,"10,6",16:10,"931,4",Varias,"928,5",15,99,99,Varias,96,01:10
2021-12-26,3195,"MADRID, RETIRO",MADRID,667,"10,2","11,5","8,8",Varias,"11,7",23:50,"936,1",10,"931,0",00,98,99,Varias,94,11:30
2021-12-27,3195,"MADRID, RETIRO",MADRID,667,"12,2","0,0","10,1",Varias,"14,3",13:40,"941,5",24,"933,2",02,82,99,Varias,68,14:30
2021-12-28,3195,"MADRID, RETIRO",MADRID,667,"11,4","0,0","8,3",23:20,"14,6",13:50,"946,7",Varias,"941,2",00,84,99,Varias,68,13:40
2021-12-29,3195,"MADRID, RETIRO",MADRID,667,"9,8","0,0","7,0",03:10,"12,6",15:00,"949,0",10,"946,6",00,86,99,Varias,72,14:40
2021-12-30,3195,"MADRID, RETIRO",MADRID,667,"9,8","0,0","4,7",08:10,"14,9",15:40,"948,2",23,"945,6",15,83,99,00:00,61,15:30
2021-12-31,3195,"MADRID, RETIRO",MADRID,667,"10,2","0,0","5,0",07:30,"15,5",15:00,"951,1",10,"947,6",01,73,93,00:50,53,13:50
